Product Name,Product URL
"Phone 15 Charger [MFi Certified] 2 Pack 20W USB C Fast Wall Charger Block with 2 Pack 6 FT USB-C to C Cable for iPhone 15/iPad Series, Galaxy, AirPods Pro",https://www.amazon.com/Charger-Certified-iPhone-Galaxy-AirPods/dp/B0CLJFYX33?pf_rd_r=6Y46Q8TNT9KTKT7R2X0N&pf_rd_t=Events&pf_rd_i=deals&pf_rd_p=2c03f004-e5df-4113-b2c9-145f7add211d&pf_rd_s=slot-14&ref=dlx_deals_gd_dcl_img_0_f33bf35b_dt_sl14_1d
"ACEMAGIC Laptop Computer 16GB DDR4 512GB SSD, Intel Quad-Core N95 Processor Laptop, 16 inch Laptop PC with Metal Body Support 1920×1200, TF Card, WiFi, BT5.0, Type_C, 38Wh Battery",https://www.amazon.com/ACEMAGIC-Computer-Display-Quad-Core-Windows/dp/B0CVH2H98G?pf_rd_r=6Y46Q8TNT9KTKT7R2X0N&pf_rd_t=Events&pf_rd_i=deals&pf_rd_p=2c03f004-e5df-4113-b2c9-145f7add211d&pf_rd_s=slot-14&ref=dlx_deals_gd_dcl_img_1_5d34059b_dt_sl14_1d
"jumper Laptop, 12GB LPDDR4 RAM 512GB SSD, Intel Celeron Quad-Core Processor, 14 Inch 1080p FHD IPS Display, UHD Graphics 600, Laptops Computer with Dual Stereo Speakers, Type-C, 2.4G/5G WiFi.",https://www.amazon.com/jumper-Laptops-Computer-Processor-Graphics/dp/B0CW5SQWG5?pf_rd_r=6Y46Q8TNT9KTKT7R2X0N&pf_rd_t=Events&pf_rd_i=deals&pf_rd_p=2c03f004-e5df-4113-b2c9-145f7add211d&pf_rd_s=slot-14&ref=dlx_deals_gd_dcl_img_2_24ae9123_dt_sl14_1d
"CWQZGUF [6 Pack Galaxy Watch 6 / Watch 5 / Watch 4 44mm Tempered Glass Screen Protector, High Clarity, Anti-Shatter, Bubble Free for Samsung Watch 6/5/4 44mm Screen Protector",https://www.amazon.com/CWQZGUF-Galaxy-Watch-44mm-Samsung/dp/B0CMQJQSBM?pf_rd_r=6Y46Q8TNT9KTKT7R2X0N&pf_rd_t=Events&pf_rd_i=deals&pf_rd_p=2c03f004-e5df-4113-b2c9-145f7add211d&pf_rd_s=slot-14&ref=dlx_deals_gd_dcl_img_3_04d7f054_dt_sl14_1d
"USB C Charger Cable USB C to USB C Cable(5Pack, 6ft, 60W/3A)iPhone 15 Charger Cable Fast Charging for iPhone 15 Pro Max Plus,iPad Mini 6/ Pro 2021,iPad Air 4,MacBook Pro 2020,Samsung Galaxy S23 Switch",https://www.amazon.com/Charger-iPhone-Charging-MacBook-Samsung/dp/B0CNGN9FV9?pf_rd_r=6Y46Q8TNT9KTKT7R2X0N&pf_rd_t=Events&pf_rd_i=deals&pf_rd_p=2c03f004-e5df-4113-b2c9-145f7add211d&pf_rd_s=slot-14&ref=dlx_deals_gd_dcl_img_4_bd29b068_dt_sl14_1d
"OTVOC Laptop 15.6 inch Windows 11, Intel Celeron, Up to 2.9GHz, 16GB RAM, 512GB PCIE NvMe SSD, 4TB Expansion, 15.6"" FHD IPS, 2.0MP, 2.4G+5G WiFi, BT 5.0, Type-C, HDMI, RJ45",https://www.amazon.com/%E3%80%90Upgraded-Version%E3%80%91OTVOC-VocBook-15-Pro/dp/B0CSFL7GBG?pf_rd_r=6Y46Q8TNT9KTKT7R2X0N&pf_rd_t=Events&pf_rd_i=deals&pf_rd_p=2c03f004-e5df-4113-b2c9-145f7add211d&pf_rd_s=slot-14&ref=dlx_deals_gd_dcl_img_5_1ad58163_dt_sl14_1d
Computer Accessories & Peripherals,https://www.amazon.com/deal/9177e601?pf_rd_r=6Y46Q8TNT9KTKT7R2X0N&pf_rd_t=Events&pf_rd_i=deals&pf_rd_p=2c03f004-e5df-4113-b2c9-145f7add211d&pf_rd_s=slot-14&ref=dlx_deals_gd_dcl_img_6_9177e601_dt_sl14_1d
Computer Internal Components,https://www.amazon.com/deal/84adace8?pf_rd_r=6Y46Q8TNT9KTKT7R2X0N&pf_rd_t=Events&pf_rd_i=deals&pf_rd_p=2c03f004-e5df-4113-b2c9-145f7add211d&pf_rd_s=slot-14&ref=dlx_deals_gd_dcl_img_7_84adace8_dt_sl14_1d
Laptop 12GB RAM 256GB SSD,https://www.amazon.com/jumper-Computer-1920x1080-Speakers-Expandable/dp/B0CTZXMFJR?pf_rd_r=6Y46Q8TNT9KTKT7R2X0N&pf_rd_t=Events&pf_rd_i=deals&pf_rd_p=2c03f004-e5df-4113-b2c9-145f7add211d&pf_rd_s=slot-14&ref=dlx_deals_gd_dcl_img_8_01c68472_dt_sl14_1d
"ACEMAGIC Laptop Computer 16GB DDR4 512GB SSD Quad-Core Intel N95(Up to 3.4GHz), 15.6 inch 1080P FHD Traditional Laptops, Metal Shell, WiFi, BT5.0, WiFi, BT5.0, Webcam, Type_C, USB3.2",https://www.amazon.com/ACEMAGIC-Computer-Windows-IntelN95-Processor/dp/B0CRRSDTRY?pf_rd_r=6Y46Q8TNT9KTKT7R2X0N&pf_rd_t=Events&pf_rd_i=deals&pf_rd_p=2c03f004-e5df-4113-b2c9-145f7add211d&pf_rd_s=slot-14&ref=dlx_deals_gd_dcl_img_9_7d6ff9b9_dt_sl14_1d
"ACEMAGIC Laptop Computer, 16GB DDR4 512GB SSD, Quad-Core Intel N95 Processor, Windows 11 Laptop, 15.6"" IPS 1080P PC, Metal Shell, WiFi, BT5.0, USB3.2, Type_C, Long Battery Life, 180° Open Angle",https://www.amazon.com/ACEMAGIC-Computer-Quad-Core-Processor-Windows/dp/B0CRQYD2KQ?pf_rd_r=6Y46Q8TNT9KTKT7R2X0N&pf_rd_t=Events&pf_rd_i=deals&pf_rd_p=2c03f004-e5df-4113-b2c9-145f7add211d&pf_rd_s=slot-14&ref=dlx_deals_gd_dcl_img_10_1414320a_dt_sl14_1d
"jumper Tablet, 10 Inch 8GB RAM 128GB Storage Android Tablets, Octa-Core Processor, FHD 1200x1920 Pixels Display, 5MP+13MP Camera, 5G WiFi, Bluetooth 5.0, USB Type-C, 6000mAh Battery, GPS.",https://www.amazon.com/jumper-Octa-Core-Processor-Speakers-Bluetooth5-0/dp/B0CW615X81?pf_rd_r=6Y46Q8TNT9KTKT7R2X0N&pf_rd_t=Events&pf_rd_i=deals&pf_rd_p=2c03f004-e5df-4113-b2c9-145f7add211d&pf_rd_s=slot-14&ref=dlx_deals_gd_dcl_img_11_6b7b18f9_dt_sl14_1d
iPhone Charger 6Pack (3/3/6/6/6/10 FT) Apple MFi Certified Fast Charging Lightning Cable High Speed Transfer iPhone Charger Cord Compatible iPhone 14/13/12/11 Pro Max/XR/XS/X/8/7/6Plus iPad,https://www.amazon.com/Certified-Charging-Lightning-Transfer-Compatible/dp/B0CNLXTNVS?pf_rd_r=6Y46Q8TNT9KTKT7R2X0N&pf_rd_t=Events&pf_rd_i=deals&pf_rd_p=2c03f004-e5df-4113-b2c9-145f7add211d&pf_rd_s=slot-14&ref=dlx_deals_gd_dcl_img_12_91483230_dt_sl14_1d
USB C to Lightning Cable 3 Pack 6FT Apple MFi Certified iPhone Fast Charger Fast Charging Type c to Lightning Cable for iPhone 14 13 12 11 Pro Max Xr Xs 8 and More,https://www.amazon.com/Lightning-Certified-iPhone-Charger-Charging/dp/B0BX5H1HWJ?pf_rd_r=6Y46Q8TNT9KTKT7R2X0N&pf_rd_t=Events&pf_rd_i=deals&pf_rd_p=2c03f004-e5df-4113-b2c9-145f7add211d&pf_rd_s=slot-14&ref=dlx_deals_gd_dcl_img_13_b2a95f7d_dt_sl14_1d
Bkayp 3 Pack 6 FT Type C Fast Charging Cable 60W USB C Charger Cable USB C to USB C Cord Compatible iPhone 15/15 Pro/15 Plus/15 Pro Max iPad Mini Pro Air MacBook Air Pro Switch Pixel LG and More,https://www.amazon.com/iPhone-Charger-Charging-Compatible-MacBook/dp/B0CX57PRWG?pf_rd_r=6Y46Q8TNT9KTKT7R2X0N&pf_rd_t=Events&pf_rd_i=deals&pf_rd_p=2c03f004-e5df-4113-b2c9-145f7add211d&pf_rd_s=slot-14&ref=dlx_deals_gd_dcl_img_14_936bce1a_dt_sl14_1d
Apple USB C to Lightning Cable 3 Pack 6 FT MFi Certified iPhone Charger Fast Charging Type C to Lightning Cable Fast Charging Cord Compatible with iPhone 14 13 12 11 Pro Max X Plus and More,https://www.amazon.com/Lightning-Certified-Charger-Charging-Compatible/dp/B0CJBKTMVJ?pf_rd_r=6Y46Q8TNT9KTKT7R2X0N&pf_rd_t=Events&pf_rd_i=deals&pf_rd_p=2c03f004-e5df-4113-b2c9-145f7add211d&pf_rd_s=slot-14&ref=dlx_deals_gd_dcl_img_15_314b30ee_dt_sl14_1d
iPhone Charger 3Pack 10 FT Apple MFi Certified Lightning Cable Fast Charging iPhone Charger Cord Compatible with iPhone 14 13 12 11 Pro Max XR XS X 8 7 6 Plus SE iPad and More,https://www.amazon.com/Charger-Certified-Lightning-Charging-Compatible/dp/B0CD7V3HBR?pf_rd_r=6Y46Q8TNT9KTKT7R2X0N&pf_rd_t=Events&pf_rd_i=deals&pf_rd_p=2c03f004-e5df-4113-b2c9-145f7add211d&pf_rd_s=slot-14&ref=dlx_deals_gd_dcl_img_16_98235cf8_dt_sl14_1d
iPhone Charger Fast Charging【MFi Certified】 2Pack 20W PD USB C Wall Fast Charger Block with 6&10FT USB C to Lightning Cable Compatible with iPhone 14 Pro Max/13 Pro Max/12 Pro Max/11Pro/XS/XR/X/8/SE,https://www.amazon.com/Charger-Charging%E3%80%90MFi-Certified%E3%80%91-Lightning-Compatible/dp/B0CN6GHGD6?pf_rd_r=6Y46Q8TNT9KTKT7R2X0N&pf_rd_t=Events&pf_rd_i=deals&pf_rd_p=2c03f004-e5df-4113-b2c9-145f7add211d&pf_rd_s=slot-14&ref=dlx_deals_gd_dcl_img_17_56e83f55_dt_sl14_1d
iPhone Charger Fast Charging 3Pack 6FT Apple MFi Certified USB C to Lightning Cable PD Charging Cord Compatible with 14 13 12 11 Pro XS Max XR X 8 7 6 Plus iPad and More,https://www.amazon.com/Charger-Charging-Certified-Lightning-Compatible/dp/B0CQYCJMVF?pf_rd_r=6Y46Q8TNT9KTKT7R2X0N&pf_rd_t=Events&pf_rd_i=deals&pf_rd_p=2c03f004-e5df-4113-b2c9-145f7add211d&pf_rd_s=slot-14&ref=dlx_deals_gd_dcl_img_18_e734d5e2_dt_sl14_1d
"4 Pack [Apple MFi Certified] Apple Charging Cables 6ft, iPhone Chargers, Lightning Fast iPhone Charging Cord for iPhone 12/11/11Pro/11Max/ X/XS/XR/XS Max/8/7, ipad(White)",https://www.amazon.com/Certified-Charging-Cables-Chargers-Lightning/dp/B0BX9RBWTX?pf_rd_r=6Y46Q8TNT9KTKT7R2X0N&pf_rd_t=Events&pf_rd_i=deals&pf_rd_p=2c03f004-e5df-4113-b2c9-145f7add211d&pf_rd_s=slot-14&ref=dlx_deals_gd_dcl_img_19_0c49485c_dt_sl14_1d
Wireless Accessories,https://www.amazon.com/deal/c4c02ae6?pf_rd_r=6Y46Q8TNT9KTKT7R2X0N&pf_rd_t=Events&pf_rd_i=deals&pf_rd_p=2c03f004-e5df-4113-b2c9-145f7add211d&pf_rd_s=slot-14&ref=dlx_deals_gd_dcl_img_20_c4c02ae6_dt_sl14_1d
Computers & Accessories,https://www.amazon.com/deal/7cde05d7?pf_rd_r=6Y46Q8TNT9KTKT7R2X0N&pf_rd_t=Events&pf_rd_i=deals&pf_rd_p=2c03f004-e5df-4113-b2c9-145f7add211d&pf_rd_s=slot-14&ref=dlx_deals_gd_dcl_img_21_7cde05d7_dt_sl14_1d
iPhone Charger 3pack 10FT Apple MFi Certified Long Lightning Cable Fast Charging High Speed Data Sync USB Cable Compatible iPhone 14 13/12/11 Pro Max/XS MAX/XR/XS/X/8/7/Plus/6S (Grey White),https://www.amazon.com/Charger-Certified-Lightning-Charging-Compatible/dp/B0CKYZ7MWK?pf_rd_r=6Y46Q8TNT9KTKT7R2X0N&pf_rd_t=Events&pf_rd_i=deals&pf_rd_p=2c03f004-e5df-4113-b2c9-145f7add211d&pf_rd_s=slot-14&ref=dlx_deals_gd_dcl_img_22_5fd876cb_dt_sl14_1d
iPhone Charger 3Pack 10FT Apple MFi Certified Lightning Cable Fast Charging iPhone Charger Cord Compatible with iPhone 14 13 12 11 Pro Max XR XS X 8 7 6 Plus SE and More - Colorful,https://www.amazon.com/Charger-Certified-Lightning-Charging-Compatible/dp/B0CR3S4Y5V?pf_rd_r=6Y46Q8TNT9KTKT7R2X0N&pf_rd_t=Events&pf_rd_i=deals&pf_rd_p=2c03f004-e5df-4113-b2c9-145f7add211d&pf_rd_s=slot-14&ref=dlx_deals_gd_dcl_img_23_8fbeae0c_dt_sl14_1d
"iPhone Charger 5 Pack 6FT USB C to Lightning Cable【Apple MFi Certified】iPhone Charger Fast Charging iphone lightning cable iphone charger cord for iPhone 14/13/12/12 Pro Max/11/Xs Max/XR/X,AirPods Pro",https://www.amazon.com/Lightning-Cable%E3%80%90Apple-Certified%E3%80%91iPhone-Charging-lightning/dp/B0CMP7FVSZ?pf_rd_r=6Y46Q8TNT9KTKT7R2X0N&pf_rd_t=Events&pf_rd_i=deals&pf_rd_p=2c03f004-e5df-4113-b2c9-145f7add211d&pf_rd_s=slot-14&ref=dlx_deals_gd_dcl_img_24_77aaa5fd_dt_sl14_1d
"USB C Charger Cable - 5Pack 6FT (60W/3.1A) USB C to USB C Cable Type C Fast Charging Cord for iPhone 15/15 Pro/15 Plus/15 Pro Max, MacBook Pro, iPad Mini 6/Pro 2021/Air 4, Samsung Galaxy S23",https://www.amazon.com/USB-Charger-Cable-Charging-MacBook/dp/B0CP1S4V6Z?pf_rd_r=6Y46Q8TNT9KTKT7R2X0N&pf_rd_t=Events&pf_rd_i=deals&pf_rd_p=2c03f004-e5df-4113-b2c9-145f7add211d&pf_rd_s=slot-14&ref=dlx_deals_gd_dcl_img_25_791d253b_dt_sl14_1d
iPhone Charger 3Pack 10FT Apple MFi Certified Lightning Cable High Speed Fast Charging Cord Compatible with iPhone 14/13/12/11 Pro Max Mini X/XR/XS/X/8/7/6/6S/SE Plus and More,https://www.amazon.com/Charger-Certified-Lightning-Charging-Compatible/dp/B0CPS4HYMX?pf_rd_r=6Y46Q8TNT9KTKT7R2X0N&pf_rd_t=Events&pf_rd_i=deals&pf_rd_p=2c03f004-e5df-4113-b2c9-145f7add211d&pf_rd_s=slot-14&ref=dlx_deals_gd_dcl_img_26_bd3aff7b_dt_sl14_1d
USB Flash Drive Memory Stick for Phone Storage,https://www.amazon.com/Compatible-External-Expandable-Photosticks-Pictures%EF%BC%88Pink%EF%BC%89/dp/B0BWRMR9K8?pf_rd_r=6Y46Q8TNT9KTKT7R2X0N&pf_rd_t=Events&pf_rd_i=deals&pf_rd_p=2c03f004-e5df-4113-b2c9-145f7add211d&pf_rd_s=slot-14&ref=dlx_deals_gd_dcl_img_27_f10ead5e_dt_sl14_1d
iPhone Charger 3 Pack 10 ft Apple MFi Certified Lightning Nylon Braided Cable Fast Charging Cord Compatible with iPhone 13 12 11 Pro Max XR XS X 8 7 6 Plus SE iPad and More,https://www.amazon.com/Charger-Certified-Lightning-Charging-Compatible/dp/B0BGSDTZVF?pf_rd_r=6Y46Q8TNT9KTKT7R2X0N&pf_rd_t=Events&pf_rd_i=deals&pf_rd_p=2c03f004-e5df-4113-b2c9-145f7add211d&pf_rd_s=slot-14&ref=dlx_deals_gd_dcl_img_28_3e11110b_dt_sl14_1d
"Linksys MX8000 Mesh WiFi Router - AX4000 WiFi 6 Router - Velop Tri-Band WiFi Mesh Router - WiFi 6 Mesh Computer Routers For Wireless Internet - Internet Router - Connect 80+ Devices, 5,400 Sq Ft, 2-Pk",https://www.amazon.com/Linksys-Tri-Band-Wireless-Coverage-MX8000/dp/B08NCRC48P?pf_rd_r=6Y46Q8TNT9KTKT7R2X0N&pf_rd_t=Events&pf_rd_i=deals&pf_rd_p=2c03f004-e5df-4113-b2c9-145f7add211d&pf_rd_s=slot-14&ref=dlx_deals_gd_dcl_img_29_82fc7182_dt_sl14_1d
iPhone Charger Fast Charging Cord 3 Pack 10 FT Apple MFi Certified Lightning Cable Nylon Braided iPhone Charger Cord Compatible with iPhone 13 12 11 Pro Max XR XS X 8 7 6 Plus SE iPad and More,https://www.amazon.com/Certified-Charger-Charging-Lightning-Compatible/dp/B0B1PR3TMD?pf_rd_r=6Y46Q8TNT9KTKT7R2X0N&pf_rd_t=Events&pf_rd_i=deals&pf_rd_p=2c03f004-e5df-4113-b2c9-145f7add211d&pf_rd_s=slot-14&ref=dlx_deals_gd_dcl_img_30_0583e9bf_dt_sl14_1d
USB C to Lightning Cable 3Pack 6 FT Apple MFi Certified iPhone Fast Charger Type c to Lightning Cable Nylon Braided iPhone Cord for iPhone 13 12 11 Pro Max Xr Xs 8 7 6 Plus and More,https://www.amazon.com/Lightning-Certified-iPhone-Charger-Braided/dp/B0BG5N2BP1?pf_rd_r=6Y46Q8TNT9KTKT7R2X0N&pf_rd_t=Events&pf_rd_i=deals&pf_rd_p=2c03f004-e5df-4113-b2c9-145f7add211d&pf_rd_s=slot-14&ref=dlx_deals_gd_dcl_img_31_e573d98a_dt_sl14_1d
"ACEMAGIC Laptop with Backlit Keyboard, Gaming Laptop with AMD Ryzen 7 5700U Processor(8C/16T, Up to 4.3GHz), 16.1-inch FHD Display, 16GB RAM 512GB ROM Laptop Computer Support WiFi 6, 53Wh Battery",https://www.amazon.com/ACEMAGIC-Keyboard-Processor-16-1-inch-Computer/dp/B0CPVB1P6D?pf_rd_r=6Y46Q8TNT9KTKT7R2X0N&pf_rd_t=Events&pf_rd_i=deals&pf_rd_p=2c03f004-e5df-4113-b2c9-145f7add211d&pf_rd_s=slot-14&ref=dlx_deals_gd_dcl_img_32_20457798_dt_sl14_1d
"SGIN Kids Tablet 10.1 inch, Android 12 Tablet with 2GB RAM 64GB ROM, Pre-Installed iWawa, Parental Control, 2.4G/5G WiFi, BT4.2, Dual Camera, Educational, Toddler Tablet Shockproof Case(Blue)",https://www.amazon.com/SGIN-Computer-Processor-Notebook-Mini-Hdmi/dp/B0CNVTT38T?pf_rd_r=6Y46Q8TNT9KTKT7R2X0N&pf_rd_t=Events&pf_rd_i=deals&pf_rd_p=2c03f004-e5df-4113-b2c9-145f7add211d&pf_rd_s=slot-14&ref=dlx_deals_gd_dcl_img_33_f14be77e_dt_sl14_1d
LISEN USB C to USB C Cable,https://www.amazon.com/LISEN-Charger-Certified-Charging-Samsung/dp/B0CJRMXP5Y?pf_rd_r=6Y46Q8TNT9KTKT7R2X0N&pf_rd_t=Events&pf_rd_i=deals&pf_rd_p=2c03f004-e5df-4113-b2c9-145f7add211d&pf_rd_s=slot-14&ref=dlx_deals_gd_dcl_img_34_874c2ff1_dt_sl14_1d
"Eksvefot Laptop Screen Extender, 12"" Laptop Monitor Extender, 1080P HD Portable Monitor with 2-in-1 Cable, Build-in Stand, Compatible with Win/Mac-Especially M1& M2, for 13”-16.5” Laptops (Gray)",https://www.amazon.com/Eksvefot-Extender-Portable-Compatible-Mac-Especially/dp/B0CMGWL7C6?pf_rd_r=6Y46Q8TNT9KTKT7R2X0N&pf_rd_t=Events&pf_rd_i=deals&pf_rd_p=2c03f004-e5df-4113-b2c9-145f7add211d&pf_rd_s=slot-14&ref=dlx_deals_gd_dcl_img_35_6424adf2_dt_sl14_1d
Electronics and Accessories,https://www.amazon.com/deal/35eddce3?pf_rd_r=6Y46Q8TNT9KTKT7R2X0N&pf_rd_t=Events&pf_rd_i=deals&pf_rd_p=2c03f004-e5df-4113-b2c9-145f7add211d&pf_rd_s=slot-14&ref=dlx_deals_gd_dcl_img_36_35eddce3_dt_sl14_1d
"Tablet Bags, Cases & Sleeves",https://www.amazon.com/deal/cd527689?pf_rd_r=6Y46Q8TNT9KTKT7R2X0N&pf_rd_t=Events&pf_rd_i=deals&pf_rd_p=2c03f004-e5df-4113-b2c9-145f7add211d&pf_rd_s=slot-14&ref=dlx_deals_gd_dcl_img_37_cd527689_dt_sl14_1d
"DbillionDa Cat8 Ethernet Cable, Outdoor&Indoor, Heavy Duty High Speed 26AWG Cat8 Network Cable 40Gbps, 2000Mhz with Gold Plated RJ45 Connector, Weatherproof S/FTP UV Resistant for Router/Modem",https://www.amazon.com/Ethernet-ethernet-support-Standards-Connector/dp/B07ZSHDK9L?pf_rd_r=6Y46Q8TNT9KTKT7R2X0N&pf_rd_t=Events&pf_rd_i=deals&pf_rd_p=2c03f004-e5df-4113-b2c9-145f7add211d&pf_rd_s=slot-14&ref=dlx_deals_gd_dcl_img_38_9be839b2_dt_sl14_1d
himawari Laptop Backpack Travel Backpack With USB Charging Port Large Doctor Bag College Backpack for Women&Men,https://www.amazon.com/Himawari-Laptop-Backpack-Charging-1881-QZ%EF%BC%89/dp/B088QD88XP?pf_rd_r=6Y46Q8TNT9KTKT7R2X0N&pf_rd_t=Events&pf_rd_i=deals&pf_rd_p=2c03f004-e5df-4113-b2c9-145f7add211d&pf_rd_s=slot-14&ref=dlx_deals_gd_dcl_img_39_fea36759_dt_sl14_1d
Tablet Android 12 Octa Core Processor,https://www.amazon.com/SGIN-Tablet-Android-Tablets-Processor/dp/B0CNVLL2HX?pf_rd_r=6Y46Q8TNT9KTKT7R2X0N&pf_rd_t=Events&pf_rd_i=deals&pf_rd_p=2c03f004-e5df-4113-b2c9-145f7add211d&pf_rd_s=slot-14&ref=dlx_deals_gd_dcl_img_40_beb4727c_dt_sl14_1d
"Linksys MX4200 Mesh WiFi Router - AX4200 WiFi 6 Router - Velop Tri-Band WiFi Mesh Router For Wireless Internet - Internet Router - Connect 40+ Devices, 2,700 Sq Ft, 1-Pk",https://www.amazon.com/Linksys-Tri-Band-Wireless-coverage-MX4200/dp/B08NC66R2G?pf_rd_r=6Y46Q8TNT9KTKT7R2X0N&pf_rd_t=Events&pf_rd_i=deals&pf_rd_p=2c03f004-e5df-4113-b2c9-145f7add211d&pf_rd_s=slot-14&ref=dlx_deals_gd_dcl_img_41_950c4b0a_dt_sl14_1d
"NAUTICA Armada Laptop Backpack, Grey/Navy, One Size",https://www.amazon.com/Nautica-Armada-Laptop-Backpack-Grey/dp/B0BJ5ZG856?pf_rd_r=6Y46Q8TNT9KTKT7R2X0N&pf_rd_t=Events&pf_rd_i=deals&pf_rd_p=2c03f004-e5df-4113-b2c9-145f7add211d&pf_rd_s=slot-14&ref=dlx_deals_gd_dcl_img_42_8d64ffe7_dt_sl14_1d
Deal on NETGEAR,https://www.amazon.com/deal/2a12125e?pf_rd_r=6Y46Q8TNT9KTKT7R2X0N&pf_rd_t=Events&pf_rd_i=deals&pf_rd_p=2c03f004-e5df-4113-b2c9-145f7add211d&pf_rd_s=slot-14&ref=dlx_deals_gd_dcl_img_43_2a12125e_dt_sl14_1d
KYY Portable Monitor 15.6inch 1080P FHD USB-C • HDMI Computer Display HDR IPS Gaming Monitor • w/Premium Smart Cover & Screen Protector • Speakers • for Laptop PC MAC Phone PS4 Xbox Switch,https://www.amazon.com/Portable-Monitor-15-6inch-Computer-Protector/dp/B088D8JG3L?pf_rd_r=6Y46Q8TNT9KTKT7R2X0N&pf_rd_t=Events&pf_rd_i=deals&pf_rd_p=2c03f004-e5df-4113-b2c9-145f7add211d&pf_rd_s=slot-14&ref=dlx_deals_gd_dcl_img_44_a3454879_dt_sl14_1d
MECO ELEVERDE Compressed Air Duster,https://www.amazon.com/Electric-Compressed-MECO-Function-Rechargeable/dp/B0B63GQYZQ?pf_rd_r=6Y46Q8TNT9KTKT7R2X0N&pf_rd_t=Events&pf_rd_i=deals&pf_rd_p=2c03f004-e5df-4113-b2c9-145f7add211d&pf_rd_s=slot-14&ref=dlx_deals_gd_dcl_img_45_418516f6_dt_sl14_1d
TechOrbits Height Adjustable Desk-Desktop Sit Stand Fits Cubicles Desks,https://www.amazon.com/TechOrbits-Standing-Desk-Converter-Workstation/dp/B09G9L9X8B?pf_rd_r=6Y46Q8TNT9KTKT7R2X0N&pf_rd_t=Events&pf_rd_i=deals&pf_rd_p=2c03f004-e5df-4113-b2c9-145f7add211d&pf_rd_s=slot-14&ref=dlx_deals_gd_dcl_img_46_004160c0_dt_sl14_1d
"Anker USB C Charger Cable [2 Pack, 6ft], 310 Type C Charger Cable Fast Charging, Braided USB A to USB C Cable for Samsung Galaxy Note 10 Note 9/S10+ S10, LG V30 (USB 2.0, Black)",https://www.amazon.com/Anker-Charger-Charging-Samsung-Galaxy/dp/B0BPCBP15P?pf_rd_r=6Y46Q8TNT9KTKT7R2X0N&pf_rd_t=Events&pf_rd_i=deals&pf_rd_p=2c03f004-e5df-4113-b2c9-145f7add211d&pf_rd_s=slot-14&ref=dlx_deals_gd_dcl_img_47_e5d614d7_dt_sl14_1d
LOVEVOOK Travel Laptop Backpack Purse for Women Work Business Computer Bags,https://www.amazon.com/LOVEVOOK-Backpack-Business-Computer-15-6-Inch/dp/B0BLH1J69D?pf_rd_r=6Y46Q8TNT9KTKT7R2X0N&pf_rd_t=Events&pf_rd_i=deals&pf_rd_p=2c03f004-e5df-4113-b2c9-145f7add211d&pf_rd_s=slot-14&ref=dlx_deals_gd_dcl_img_48_fbf62a87_dt_sl14_1d
"LISEN Tablet iPad Holder for Car Mount Headrest - iPad Car Holder Back Seat Travel Portable Car Tablet Holder Mount Road Trip Essentials for Kids Adults Fits All 4.7-12.9"" Devices & Headrest Rod…",https://www.amazon.com/LISEN-Headrest-Companion-Rotation-4-7-12-9/dp/B09FDRGP6T?pf_rd_r=6Y46Q8TNT9KTKT7R2X0N&pf_rd_t=Events&pf_rd_i=deals&pf_rd_p=2c03f004-e5df-4113-b2c9-145f7add211d&pf_rd_s=slot-14&ref=dlx_deals_gd_dcl_img_49_45eac4b7_dt_sl14_1d
"SGIN 17 Inch Laptop, 4GB RAM 128GB SSD, Laptops with IPS Display, Intel Celeron Quad-Core Processor(Up to 2.5GHz), Mini HDMI, Webcam, Wi-Fi, 512GB Expansion",https://www.amazon.com/SGIN-Computer-i3-5005U-Processor-Display/dp/B0CTYHJ9LC?pf_rd_r=6Y46Q8TNT9KTKT7R2X0N&pf_rd_t=Events&pf_rd_i=deals&pf_rd_p=2c03f004-e5df-4113-b2c9-145f7add211d&pf_rd_s=slot-14&ref=dlx_deals_gd_dcl_img_50_fdbfe43f_dt_sl14_1d
"IVANKY DisplayPort Cable 1.4, 8K DP Cable 25ft [8K@60Hz, 4K@144Hz, 1080P@240Hz], Support HBR3, 32.4Gbps, HDCP 2.2, HDR, Compatible for Gaming Monitor, TV, PC, Laptop and More, Black-25ft",https://www.amazon.com/IVANKY-DisplayPort-32-4Gbps-Compatible-Black-25ft/dp/B0CL99KPZ5?pf_rd_r=6Y46Q8TNT9KTKT7R2X0N&pf_rd_t=Events&pf_rd_i=deals&pf_rd_p=2c03f004-e5df-4113-b2c9-145f7add211d&pf_rd_s=slot-14&ref=dlx_deals_gd_dcl_img_51_7ca89444_dt_sl14_1d
USB Wall Charger Multiple-Color,https://www.amazon.com/Charger-Cabepow-Adapter-Replacement-Certified/dp/B0C32QR3Q9?pf_rd_r=6Y46Q8TNT9KTKT7R2X0N&pf_rd_t=Events&pf_rd_i=deals&pf_rd_p=2c03f004-e5df-4113-b2c9-145f7add211d&pf_rd_s=slot-14&ref=dlx_deals_gd_dcl_img_52_c6b0ab09_dt_sl14_1d
"SGIN 10 Inch Tablet, 4GB RAM 64GB ROM, Android 12 Tablet with Case, Octa-Core 2.0Ghz Processor, 1280 * 800 IPS, 2MP+5MP Camera, 6000mAh, GPS, WiFi, Bluetooth (Ivory)",https://www.amazon.com/SGIN-KidsTablet-Octa-Core-Processor-Bluetooth/dp/B0CSKFZ9NH?pf_rd_r=6Y46Q8TNT9KTKT7R2X0N&pf_rd_t=Events&pf_rd_i=deals&pf_rd_p=2c03f004-e5df-4113-b2c9-145f7add211d&pf_rd_s=slot-14&ref=dlx_deals_gd_dcl_img_53_3c619fbd_dt_sl14_1d
"TAKAGI [MFi Certified] iPhone Charger, Lightning Cable 3PACK 6FT Nylon Braided USB Charging Cable High Speed Transfer Cord Compatible with iPhone 14/13/12/11 Pro Max/XS MAX/XR/XS/X/8/iPad",https://www.amazon.com/TAKAGI-Charging-Connector-Transfer-Compatible/dp/B07PHSF8DP?pf_rd_r=6Y46Q8TNT9KTKT7R2X0N&pf_rd_t=Events&pf_rd_i=deals&pf_rd_p=2c03f004-e5df-4113-b2c9-145f7add211d&pf_rd_s=slot-14&ref=dlx_deals_gd_dcl_img_54_270dc045_dt_sl14_1d
"ODISTAR Desktop Vacuum Cleaner, Mini Table dust Sweeper Energy Saving,High Endurance up to 400 mins, Cordless&360º Rotatable Design for Keyboard/Home/School/Office",https://www.amazon.com/ODISTAR-power-off-function-endurance-Rotatable/dp/B07Q19G5HD?pf_rd_r=6Y46Q8TNT9KTKT7R2X0N&pf_rd_t=Events&pf_rd_i=deals&pf_rd_p=2c03f004-e5df-4113-b2c9-145f7add211d&pf_rd_s=slot-14&ref=dlx_deals_gd_dcl_img_55_4dbecc88_dt_sl14_1d
"KOPIDOE Compressed Air Duster, 100000RPM Handheld Car Vacuum/Air Blower& Pump, 3 Gear Adjustable Electric Air Duster/Car Vacuum Cleaner, Keyboard Duster with LED Light-10 Kits Air Blower for Computer",https://www.amazon.com/KOPIDOE-Compressed-100000RPM-Handheld-Adjustable/dp/B0CJ2FXLMJ?pf_rd_r=6Y46Q8TNT9KTKT7R2X0N&pf_rd_t=Events&pf_rd_i=deals&pf_rd_p=2c03f004-e5df-4113-b2c9-145f7add211d&pf_rd_s=slot-14&ref=dlx_deals_gd_dcl_img_56_578236e1_dt_sl14_1d
USB HUB 3.0,https://www.amazon.com/ONFINIO-Multiple-Individual-Switches-Splitter/dp/B0BLBXJ5B9?pf_rd_r=6Y46Q8TNT9KTKT7R2X0N&pf_rd_t=Events&pf_rd_i=deals&pf_rd_p=2c03f004-e5df-4113-b2c9-145f7add211d&pf_rd_s=slot-14&ref=dlx_deals_gd_dcl_img_57_f65c7567_dt_sl14_1d
QGeeM USB C to HDMI Adapter 4K Cable,https://www.amazon.com/Adapter-QGeeM-Thunderbolt-Compatible-Pixelbook/dp/B07JW7GT7H?pf_rd_r=6Y46Q8TNT9KTKT7R2X0N&pf_rd_t=Events&pf_rd_i=deals&pf_rd_p=2c03f004-e5df-4113-b2c9-145f7add211d&pf_rd_s=slot-14&ref=dlx_deals_gd_dcl_img_58_caabf482_dt_sl14_1d
Laptop 16GB RAM 512GB SSD,https://www.amazon.com/jumper-Laptops-Computer-Display%EF%BC%881920x1200%EF%BC%89-Speakers/dp/B0CJLDG8SY?pf_rd_r=6Y46Q8TNT9KTKT7R2X0N&pf_rd_t=Events&pf_rd_i=deals&pf_rd_p=2c03f004-e5df-4113-b2c9-145f7add211d&pf_rd_s=slot-14&ref=dlx_deals_gd_dcl_img_59_9607cf7e_dt_sl14_1d
